-- phpMyAdmin SQL Dump
-- version 4.5.1
-- http://www.phpmyadmin.net
--
-- Host: 127.0.0.1
-- Gegenereerd op: 01 jun 2017 om 12:38
-- Serverversie: 10.1.19-MariaDB
-- PHP-versie: 5.6.28

SET SQL_MODE = "NO_AUTO_VALUE_ON_ZERO";
SET time_zone = "+00:00";


/*!40101 SET @OLD_CHARACTER_SET_CLIENT=@@CHARACTER_SET_CLIENT */;
/*!40101 SET @OLD_CHARACTER_SET_RESULTS=@@CHARACTER_SET_RESULTS */;
/*!40101 SET @OLD_COLLATION_CONNECTION=@@COLLATION_CONNECTION */;
/*!40101 SET NAMES utf8mb4 */;

--
-- Database: `PathSharing`
--
CREATE DATABASE IF NOT EXISTS `PathSharing` DEFAULT CHARACTER SET utf8 COLLATE utf8_general_ci;
USE `PathSharing`;

-- --------------------------------------------------------

--
-- Tabelstructuur voor tabel `groups`
--

CREATE TABLE `groups` (
  `ID` int(11) NOT NULL,
  `Description` longtext,
  `Admin` varchar(50) DEFAULT NULL,
  `Name` text
) ENGINE=InnoDB DEFAULT CHARSET=utf8;

--
-- Gegevens worden geëxporteerd voor tabel `groups`
--

INSERT INTO `groups` (`ID`, `Description`, `Admin`, `Name`) VALUES
(1, 'Nondisplaced spiral fracture of shaft of ulna, lef', '0', 'molestie'),
(2, 'Unspecified injury of flexor muscle, fascia and te', '0', 'nisi'),
(3, 'Displaced apophyseal fracture of left femur, subse', '1', 'nunc rhoncus'),
(4, 'Fracture of angle of right mandible, subsequent en', '0', 'porttitor lorem'),
(5, 'Struck by baseball bat, initial encounter', '1', 'id luctus nec'),
(6, 'Legal intervention involving other specified means', '0', 'erat'),
(7, 'Unspecified fracture of shaft of left fibula, subs', '0', 'maecenas tristique'),
(8, 'Other fracture of shaft of radius, unspecified arm', '0', 'fusce consequat nulla'),
(9, 'Dislocation of midcarpal joint of unspecified wris', '1', 'quisque porta volutpat'),
(10, 'Other specified injury of unspecified blood vessel', '1', 'semper rutrum nulla'),
(11, 'Hypertrichosis of unspecified eye, unspecified eye', '1', 'vel'),
(12, 'Sprain of interphalangeal joint of left middle fin', '0', 'ipsum'),
(13, 'Obesity, unspecified', '0', 'molestie nibh'),
(14, 'Laceration of peroneal artery, right leg, subseque', '1', 'in est'),
(15, 'Left sided colitis with unspecified complications', '0', 'hac habitasse'),
(16, 'Aggressive periodontitis, generalized, severe', '1', 'at feugiat non'),
(17, 'Blister (nonthermal) of right upper arm, initial e', '1', 'diam neque vestibulum'),
(18, 'Unspecified traumatic displaced spondylolisthesis ', '1', 'diam'),
(19, 'Superficial foreign body, unspecified foot, initia', '1', 'magna'),
(20, 'Puncture wound without foreign body of left thumb ', '0', 'vivamus in'),
(21, 'War operations involving unintentional restriction', '0', 'tortor eu pede'),
(22, 'Occupant of animal-drawn vehicle injured in collis', '0', 'ipsum primis in'),
(23, 'Superficial frostbite of knee and lower leg', '0', 'eleifend luctus ultricies'),
(24, 'Lead-induced chronic gout, unspecified knee', '1', 'rutrum'),
(25, 'Poisoning by other topical agents, accidental (uni', '0', 'sapien'),
(26, 'Displaced comminuted fracture of shaft of radius, ', '0', 'elementum nullam varius'),
(27, 'Other migraine, intractable, without status migrai', '0', 'felis'),
(28, 'Temporary auditory threshold shift, bilateral', '0', 'varius'),
(29, 'Person boarding or alighting a heavy transport veh', '1', 'pellentesque'),
(30, 'Hodgkin lymphoma, unspecified, intrapelvic lymph n', '1', 'eu tincidunt'),
(31, 'Nondisplaced dome fracture of unspecified acetabul', '0', 'commodo'),
(32, 'Burn of second degree of unspecified single finger', '1', 'sed'),
(33, 'Major depressive disorder, recurrent, severe with ', '0', 'ut mauris eget'),
(34, 'Gestational [pregnancy-induced] hypertension witho', '1', 'facilisi cras non'),
(35, 'Other balloon accident injuring occupant, subseque', '1', 'integer tincidunt'),
(36, 'Fall from other flat-bottomed pedestrian conveyanc', '1', 'ridiculus'),
(37, 'Nondisplaced segmental fracture of shaft of left f', '0', 'iaculis congue vivamus'),
(38, 'Explosion on board passenger ship, initial encount', '1', 'ipsum dolor'),
(39, 'Corrosion of second degree of multiple sites of le', '0', 'maecenas rhoncus aliquam'),
(40, 'Fracture of third cervical vertebra', '1', 'volutpat in congue'),
(41, 'Epidermolysis bullosa letalis', '0', 'potenti cras in'),
(42, 'Nondisplaced supracondylar fracture with intracond', '0', 'blandit'),
(43, 'Other injury of other muscle(s) and tendon(s) at l', '1', 'elementum pellentesque quisque'),
(44, 'Transitory neonatal hypoparathyroidism', '1', 'nisl nunc nisl'),
(45, 'Failure in dosage during other surgical and medica', '1', 'massa id'),
(46, 'Unspecified occupant of pick-up truck or van injur', '1', 'rhoncus sed'),
(47, 'Partial traumatic amputation of unspecified midfoo', '1', 'ut massa quis'),
(48, 'Extravasation of urine', '0', 'interdum venenatis'),
(49, 'Autoimmune hepatitis', '1', 'ac'),
(50, 'Puncture wound with foreign body of unspecified ex', '1', 'tincidunt'),
(51, 'Displaced transverse fracture of right patella, su', '1', 'tristique fusce'),
(52, 'Displaced fracture of distal phalanx of left thumb', '0', 'sapien ut'),
(53, 'Displaced segmental fracture of shaft of radius, u', '0', 'orci vehicula condimentum'),
(54, 'Adverse effect of cannabis (derivatives), subseque', '1', 'ac leo pellentesque'),
(55, 'Other psychoactive substance dependence with psych', '0', 'donec dapibus'),
(56, 'Displaced articular fracture of head of unspecifie', '0', 'dui vel'),
(57, 'Other contact with goose, initial encounter', '1', 'ante'),
(58, 'Toxic effect of rattlesnake venom, undetermined, s', '1', 'libero ut'),
(59, 'Fracture of lateral condyle of humerus', '0', 'pharetra magna ac'),
(60, 'Other herpesviral infection', '1', 'semper interdum mauris'),
(61, 'Fracture of alveolus of mandible, unspecified side', '1', 'metus sapien'),
(62, 'Nondisplaced trimalleolar fracture of unspecified ', '0', 'ipsum primis in'),
(63, 'Other fracture of lower end of right femur, subseq', '0', 'augue'),
(64, 'Other conjunctivitis', '1', 'mi in'),
(65, 'Medial subluxation of left ulnohumeral joint', '1', 'amet erat'),
(66, 'Displaced fracture of medial malleolus of unspecif', '0', 'non pretium'),
(67, 'Contusion of small intestine', '1', 'pede'),
(68, 'Other conjunctivitis', '0', 'consequat'),
(69, 'Acute bronchitis due to coxsackievirus', '1', 'ut nunc'),
(70, 'Subluxation of other carpometacarpal joint of left', '1', 'duis faucibus'),
(71, 'Salter-Harris Type III physeal fracture of lower e', '0', 'sapien a'),
(72, 'Other fracture of base of skull, initial encounter', '1', 'nulla sed'),
(73, 'External constriction of left upper arm, initial e', '1', 'aliquet'),
(74, 'Breakdown (mechanical) of vascular dialysis cathet', '1', 'integer tincidunt ante'),
(75, 'Displaced intraarticular fracture of right calcane', '1', 'rhoncus'),
(76, 'Torus fracture of lower end of right ulna, initial', '1', 'eu'),
(77, 'Complete traumatic transphalangeal amputation of t', '0', 'vivamus tortor duis'),
(78, 'Abnormal oculomotor study', '0', 'justo nec condimentum'),
(79, 'Fall on same level from slipping, tripping and stu', '1', 'primis in'),
(80, 'Neoplasm of uncertain behavior of unspecified adre', '1', 'vel'),
(81, 'Puncture wound with foreign body of other specifie', '0', 'nam'),
(82, 'Adverse effect of mixed bacterial vaccines without', '0', 'tristique'),
(83, 'Laceration without foreign body of right buttock', '1', 'morbi ut odio'),
(84, 'Post-traumatic stress disorder, unspecified', '0', 'erat vestibulum'),
(85, 'Open wound of toe without damage to nail', '1', 'sapien non'),
(86, 'Chondromalacia, joints of right hand', '0', 'pretium quis'),
(87, 'Displaced fracture of distal phalanx of right ring', '1', 'est'),
(88, 'Postprocedural adrenocortical (-medullary) hypofun', '1', 'posuere'),
(89, 'Crohn''s disease, unspecified, with other complicat', '1', 'a pede posuere'),
(90, 'Contusion of right hip', '0', 'dictumst morbi vestibulum'),
(91, 'External constriction of right elbow, sequela', '0', 'blandit nam nulla'),
(92, 'Burn of first degree of unspecified shoulder, subs', '0', 'volutpat erat quisque'),
(93, 'Unspecified superficial injury of left knee', '1', 'eget tincidunt eget'),
(94, 'Nondisplaced comminuted fracture of shaft of humer', '1', 'eget eros'),
(95, 'Displaced fracture of body of unspecified calcaneu', '1', 'porta volutpat'),
(96, 'Maternal care for disproportion of mixed maternal ', '1', 'in hac habitasse'),
(97, 'Toxic effect of rattlesnake venom, intentional sel', '1', 'non sodales sed'),
(98, 'Poisoning by cocaine, intentional self-harm, initi', '1', 'dis parturient montes'),
(99, 'Displaced spiral fracture of shaft of unspecified ', '1', 'suspendisse potenti'),
(100, 'Laceration with foreign body of left back wall of ', '1', 'vel dapibus'),
(101, 'Salpingitis and oophoritis, unspecified', '1', 'ut odio'),
(102, 'Pathological fracture in other disease, right ulna', '1', 'in hac habitasse'),
(103, 'Military operations involving unspecified weapon o', '1', 'ut dolor'),
(104, 'Nondisplaced fracture of medial condyle of right t', '0', 'in eleifend quam'),
(105, 'Type 1 diabetes mellitus with severe nonproliferat', '0', 'lectus'),
(106, 'Other chondrocalcinosis, left shoulder', '0', 'amet eleifend'),
(107, 'Other tear of unspecified meniscus, current injury', '0', 'aliquam'),
(108, 'Unspecified fracture of shaft of left tibia, subse', '0', 'purus sit'),
(109, 'Posterior subluxation of unspecified sternoclavicu', '0', 'nulla suscipit'),
(110, 'Other superficial bite of unspecified thumb, seque', '0', 'dapibus at diam'),
(111, 'Cellulitis and acute lymphangitis of other sites', '0', 'porta'),
(112, 'Posterior displaced fracture of sternal end of lef', '0', 'libero ut massa'),
(113, 'Typhoid pneumonia', '0', 'cum sociis natoque'),
(114, 'Noninfective disorders of pinna, right ear', '1', 'sit amet turpis'),
(115, 'Corrosion of first degree of right hand, unspecifi', '0', 'porttitor id consequat'),
(116, 'Hypertrophy of nasal turbinates', '0', 'blandit lacinia'),
(117, 'Venous insufficiency (chronic) (peripheral)', '0', 'ipsum'),
(118, 'Displaced fracture of greater trochanter of right ', '1', 'metus'),
(119, 'Passenger in three-wheeled motor vehicle injured i', '0', 'velit'),
(120, 'Nondisplaced fracture of lateral condyle of right ', '1', 'augue'),
(121, 'Eosinophilic esophagitis', '0', 'justo'),
(122, 'Unspecified physeal fracture of right  metatarsal,', '1', 'nullam'),
(123, 'Osteonecrosis in diseases classified elsewhere, ha', '0', 'pulvinar sed'),
(124, 'Retinopathy of prematurity, stage 5', '1', 'erat eros viverra'),
(125, 'Nondisplaced fracture of anterior process of left ', '1', 'suscipit'),
(126, 'Enteropathic arthropathies, right wrist', '1', 'ut massa volutpat'),
(127, 'Nondisplaced transcondylar fracture of left humeru', '0', 'accumsan'),
(128, 'Burn involving larynx and trachea with lung, initi', '0', 'morbi ut'),
(129, 'Acute inflammation of orbit', '1', 'nulla ut'),
(130, 'Corrosion of third degree back of unspecified hand', '0', 'ipsum dolor'),
(131, 'Calcium deposit in bursa, multiple sites', '0', 'quisque'),
(132, 'Exudative age-related macular degeneration, right ', '1', 'congue'),
(133, 'Food in trachea causing other injury, subsequent e', '1', 'erat eros viverra'),
(134, 'Age-related osteoporosis with current pathological', '0', 'nunc viverra dapibus'),
(135, 'Degeneration of iris (pigmentary), right eye', '1', 'nonummy integer non'),
(136, 'Failed moderate sedation during procedure, subsequ', '0', 'suspendisse'),
(137, 'Other fracture of shaft of right ulna, subsequent ', '1', 'tellus semper'),
(138, 'Burn of third degree of unspecified elbow, subsequ', '0', 'vitae mattis'),
(139, 'Retained (old) magnetic foreign body in anterior c', '1', 'integer ac'),
(140, 'Osteochondritis dissecans, right hip', '1', 'dictumst morbi vestibulum'),
(141, 'War operations involving gasoline bomb, civilian, ', '1', 'sem'),
(142, 'Maternal care for disproportion, unspecified', '0', 'cras pellentesque'),
(143, 'Burn of third degree of back of left hand, initial', '0', 'odio in hac'),
(144, 'Unspecified fracture of head of right femur, initi', '1', 'morbi odio'),
(145, 'Terrorism involving destruction of aircraft, terro', '1', 'massa quis'),
(146, 'Personal history of malignant neoplasm of other fe', '1', 'in faucibus orci'),
(147, 'Nondisplaced fracture of medial condyle of right f', '1', 'nibh'),
(148, 'Primary optic atrophy, unspecified eye', '1', 'consequat dui'),
(149, 'Nondisplaced fracture of medial condyle of left ti', '1', 'vestibulum eget'),
(150, 'Displaced fracture of epiphysis (separation) (uppe', '0', 'ante ipsum primis'),
(151, 'Unspecified fracture of shaft of unspecified femur', '0', 'magnis dis'),
(152, 'Poisoning by dental drugs, topically applied, unde', '1', 'nulla'),
(153, 'Subluxation of unspecified interphalangeal joint o', '0', 'eu sapien cursus'),
(154, 'Other specified injury of popliteal vein, left leg', '1', 'tortor sollicitudin'),
(155, 'Other conditions associated with Lyme disease', '0', 'montes'),
(156, 'Laceration without foreign body of right back wall', '0', 'eleifend pede'),
(157, 'Injury of unspecified nerve at ankle and foot leve', '1', 'mauris'),
(158, 'Flexural eczema', '1', 'turpis elementum'),
(159, 'Unspecified behavioral and emotional disorders wit', '1', 'odio in'),
(160, 'Carcinoma in situ of bronchus and lung', '1', 'risus'),
(161, 'Flail joint, unspecified shoulder', '1', 'commodo placerat praesent'),
(162, 'Displaced unspecified condyle fracture of lower en', '0', 'molestie sed'),
(163, 'Major laceration of left internal jugular vein, se', '1', 'adipiscing elit'),
(164, 'Trench fever', '1', 'posuere cubilia curae'),
(165, 'War operations involving firearms pellets, militar', '0', 'odio curabitur'),
(166, 'Sudden visual loss, left eye', '0', 'mattis'),
(167, 'Major laceration of greater saphenous vein at hip ', '1', 'nec molestie'),
(168, 'Anterior subcapsular polar infantile and juvenile ', '0', 'nunc'),
(169, 'Nondisplaced comminuted fracture of shaft of right', '1', 'amet sapien'),
(170, 'Traumatic rupture of unspecified ligament of right', '0', 'eu'),
(171, 'Type III traumatic spondylolisthesis of second cer', '0', 'ut nunc vestibulum'),
(172, 'Problems in relationship with spouse or partner', '1', 'imperdiet et'),
(173, 'Burn of third degree of right scapular region', '0', 'eu nibh quisque'),
(174, 'Histoplasmosis capsulati, unspecified', '0', 'porttitor'),
(175, 'Contusion of unspecified ankle, initial encounter', '0', 'dictumst'),
(176, 'Abscess of eyelid', '1', 'libero nam dui'),
(177, 'Traumatic rupture of unspecified ligament of left ', '0', 'quisque'),
(178, 'Monoplegia of upper limb following other nontrauma', '0', 'sit amet'),
(179, 'Other disorders of bone development and growth, un', '1', 'elementum'),
(180, 'Adverse effect of antimycobacterial drugs, subsequ', '0', 'natoque penatibus'),
(181, 'Type II occipital condyle fracture, right side, in', '1', 'lectus'),
(182, 'Toxic effect of contact with other venomous plant,', '1', 'metus'),
(183, 'Injury of ulnar nerve at upper arm level, unspecif', '1', 'in'),
(184, 'Poisoning by antiparkinsonism drugs and other cent', '0', 'odio'),
(185, 'Laceration of flexor muscle, fascia and tendon of ', '0', 'faucibus'),
(186, 'Other secondary osteonecrosis, right femur', '1', 'lacus morbi quis'),
(187, 'Nondisplaced fracture of olecranon process with in', '0', 'pellentesque'),
(188, 'Encounter for other orthopedic aftercare', '1', 'quam'),
(189, 'Other disorders of bone', '0', 'curae mauris viverra'),
(190, 'Other chronic obstructive pulmonary disease', '1', 'vel dapibus at'),
(191, 'Spinal muscular atrophy, unspecified', '0', 'pulvinar nulla'),
(192, 'Burn of first degree of left elbow, sequela', '1', 'porta volutpat erat'),
(193, 'Other injury of extensor muscle, fascia and tendon', '1', 'sollicitudin vitae'),
(194, 'Enteroptosis', '0', 'vitae mattis'),
(195, 'Crepitant synovitis (acute) (chronic), left wrist', '0', 'et commodo'),
(196, 'Serous retinal detachment, unspecified eye', '1', 'nec molestie'),
(197, 'Sternal manubrial dissociation, subsequent encount', '0', 'enim lorem'),
(198, 'Superficial frostbite of unspecified foot, subsequ', '1', 'eget'),
(199, 'Toxic effect of carbon monoxide from utility gas, ', '0', 'convallis tortor'),
(200, 'Insect bite (nonvenomous) of right forearm', '0', 'libero rutrum');

-- --------------------------------------------------------

--
-- Tabelstructuur voor tabel `users`
--

CREATE TABLE `users` (
  `ID` int(11) NOT NULL,
  `Username` varchar(50) DEFAULT NULL,
  `Password` varchar(50) DEFAULT NULL,
  `Email` varchar(50) DEFAULT NULL
) ENGINE=InnoDB DEFAULT CHARSET=utf8;

--
-- Gegevens worden geëxporteerd voor tabel `users`
--

INSERT INTO `users` (`ID`, `Username`, `Password`, `Email`) VALUES
(1, 'cmum0', '1Qaksqh', 'macom0@globo.com'),
(2, 'bswaisland1', 'tX7nZkVAgU', 'amyford1@shop-pro.jp'),
(3, 'bodoghesty2', '7FT2Wbgc', 'emunehay2@bloglovin.com'),
(4, 'scaitlin3', 'ClkdwPApN5P', 'ibrightwell3@globo.com'),
(5, 'jalbrook4', 'lMNA4yW', 'dtrytsman4@a8.net'),
(6, 'zmathieson5', 'OTNgso7n', 'jolivet5@miitbeian.gov.cn'),
(7, 'fsmails6', 'HcxXr8', 'tmiddlewick6@msu.edu'),
(8, 'karman7', 'aGubzNwZLT', 'tager7@sfgate.com'),
(9, 'smartinez8', 'gYbJJ45Q', 'dpegden8@hibu.com'),
(10, 'cmarthen9', 'a4bM1O4dTF1', 'wszapiro9@hibu.com'),
(11, 'dlespera', '84pzxG2', 'kkornilova@ovh.net'),
(12, 'dshipwayb', 'lKfK2H1z', 'blefriecb@fotki.com'),
(13, 'hdolemanc', 'yMV4TUgS', 'ogoulterc@hubpages.com'),
(14, 'hdarbeyd', 'CH57inB', 'crembrandtd@ovh.net'),
(15, 'vlambe', 'yO34JXhCib5', 'croughleye@chronoengine.com'),
(16, 'cfirksf', 'iRH77et', 'kmcmurrughf@cbslocal.com'),
(17, 'bpennycordg', 'eLDEPh', 'malpsg@phpbb.com'),
(18, 'omuslimh', 'CU2UCUQb6', 'vmoroth@apache.org'),
(19, 'kgodmari', 'rCxert6A9', 'nbarkwayi@newsvine.com'),
(20, 'tgreadyj', 'dAiuobs', 'apavelkaj@google.com.au'),
(21, 'kjanickik', 'LPqCKx0cVaBZ', 'mventomk@angelfire.com'),
(22, 'cstruttl', '7I3uPcHi', 'genriquesl@archive.org'),
(23, 'kbaalhamm', 'inSUYf9', 'ldashkovichm@simplemachines.org'),
(24, 'unorthenn', 'OHsWdBnj43D', 'atollerfieldn@house.gov'),
(25, 'tscotchfortho', 'tjJ0M5Td', 'pboako@blogtalkradio.com'),
(26, 'wdeantonip', 'FWk0OWrjb', 'jcleyburnp@washingtonpost.com'),
(27, 'vibelq', 'RcARn3', 'erahlq@cbc.ca'),
(28, 'sargonttr', 'USGywHoe', 'schristofler@eepurl.com'),
(29, 'spaulmanns', 'TpapWwvhtqd', 'hbullenes@bizjournals.com'),
(30, 'ndrewettt', '0huJyo', 'fdemarst@oakley.com'),
(31, 'acreightonu', 'v3FF4V0J', 'bwhibleyu@ustream.tv'),
(32, 'apointv', 'I3xOC1', 'calpinv@google.nl'),
(33, 'kcluttenw', 'sT6HtE5Pd', 'cclorleyw@gravatar.com'),
(34, 'ymarienx', 'f3phUDoi3OJY', 'lveljesx@e-recht24.de'),
(35, 'vbaggery', 'kCKSQl4', 'qrowthorny@google.co.uk'),
(36, 'vgianettiz', '0VCOSV7m', 'molwenz@amazonaws.com'),
(37, 'awantling10', 'tTN72exFP', 'msawl10@xinhuanet.com'),
(38, 'edurdy11', 'EfmBK5Wj', 'iterbrugge11@imgur.com'),
(39, 'ephilips12', 'n1447C', 'zbellay12@java.com'),
(40, 'thourahan13', 'kaG8C3SlLf', 'sdolden13@bloomberg.com'),
(41, 'thugonin14', 'RUFUXghe', 'gmartignoni14@desdev.cn'),
(42, 'bjoules15', 'mWJpHNWBlT', 'wkruschov15@123-reg.co.uk'),
(43, 'cbiaggi16', 'OtPGnLElnxj', 'cmillimoe16@usnews.com'),
(44, 'bmohammad17', '2c1z1MZoPW', 'eblaise17@wordpress.org'),
(45, 'aeva18', 'Ob4zUZbU8en7', 'sdarby18@mlb.com'),
(46, 'gkording19', 'DS6qvRx0Yybn', 'rrann19@ocn.ne.jp'),
(47, 'fdukes1a', 'GHaDQExhH', 'fnemchinov1a@opera.com'),
(48, 'ooakenford1b', '6gXeYC', 'clembrick1b@indiatimes.com'),
(49, 'nverne1c', 'AZPwxz', 'ebaldacchino1c@wisc.edu'),
(50, 'fvanner1d', 'p6NBE5fa', 'fwrigglesworth1d@home.pl'),
(51, 'fspringle1e', '4eSMgf', 'hhabeshaw1e@yandex.ru'),
(52, 'dborthram1f', 'vzrBYBgZ', 'mmaha1f@patch.com'),
(53, 'fnorthgraves1g', 'fcwhbp6a', 'cbeldam1g@patch.com'),
(54, 'tchaulk1h', '5l0pNiG4lO4p', 'sbittany1h@archive.org'),
(55, 'dgooderham1i', 'GiO1IuZ1M', 'gcarlisle1i@squarespace.com'),
(56, 'cpeskett1j', 'xxIzeFBr', 'cladds1j@furl.net'),
(57, 'fconibear1k', 'xOt2C27CB', 'dgourley1k@oaic.gov.au'),
(58, 'ttoe1l', '9qXLzXmk5cvc', 'prebbeck1l@baidu.com'),
(59, 'aconachie1m', 'loyswT2VQHE4', 'mtouret1m@eventbrite.com'),
(60, 'tkeetley1n', 'NeKX9S', 'kphippard1n@g.co'),
(61, 'mbaude1o', 'iQtfbCMNol', 'clacroux1o@patch.com'),
(62, 'rcardus1p', 'Jky2lQ', 'crome1p@umn.edu'),
(63, 'gkerley1q', 'sSDnvTJwL', 'chearsey1q@reference.com'),
(64, 'rcoode1r', 'njGGC37y', 'jfilkov1r@si.edu'),
(65, 'bgroven1s', '7Uk4Y829H1R', 'cderl1s@e-recht24.de'),
(66, 'aevangelinos1t', 'FO8qxVJC', 'mfidgin1t@senate.gov'),
(67, 'atrehearne1u', 'Nu46sj0Ac', 'tsteel1u@parallels.com'),
(68, 'hbickerdike1v', 'VC3ssYM5f', 'lnevet1v@51.la'),
(69, 'cewington1w', 'bvRdVrBIn', 'thancill1w@bloglines.com'),
(70, 'gkochs1x', 'c8ztArpNZ', 'rpfeffel1x@diigo.com'),
(71, 'ehue1y', '5wOLN1', 'fdjordjevic1y@soundcloud.com'),
(72, 'gtansly1z', '6eIQxwh', 'garistide1z@google.com'),
(73, 'kdonizeau20', 'boVsruyLI4sx', 'jscotson20@google.cn'),
(74, 'aguppy21', 'Dk8M6gYJok', 'ohambly21@cbslocal.com'),
(75, 'vbretherick22', 'SQit1sy', 'growatt22@deviantart.com'),
(76, 'fgingedale23', '9wYJZGO59NM', 'csex23@cocolog-nifty.com'),
(77, 'ewoodroof24', 'fyLe2VnJLOe', 'cgardiner24@squidoo.com'),
(78, 'khymer25', 'VjidJgigoTU', 'tsimnor25@skyrock.com'),
(79, 'bsimenet26', 'ZwBXa9Yo', 'esyder26@unblog.fr'),
(80, 'fshergill27', 'GwB6dZr1I', 'lrainsden27@moonfruit.com'),
(81, 'wtreleven28', 'tYMhG7', 'visgar28@t-online.de'),
(82, 'kbreche29', 'GGcGygbhh1N', 'glorroway29@histats.com'),
(83, 'jwestlake2a', '9mtfXjqC3', 'dguarin2a@exblog.jp'),
(84, 'rcharrette2b', '2rZy92ZR', 'ahanbidge2b@comsenz.com'),
(85, 'nsonner2c', 'USG7y3wA', 'bpeto2c@baidu.com'),
(86, 'imangeon2d', 'kuMEowiMMI', 'lkollas2d@vinaora.com'),
(87, 'pshottin2e', 'PC9RoV0p', 'ggutowski2e@comcast.net'),
(88, 'adanihelka2f', 'hKfRpK', 'usmogur2f@state.tx.us'),
(89, 'mmadle2g', 'MxlFrQFXW', 'vcrome2g@technorati.com'),
(90, 'jlacroux2h', 'mYK74nFABsz', 'dmcaleese2h@squarespace.com'),
(91, 'eportress2i', '0ytaYY46T', 'gkeatley2i@ucoz.ru'),
(92, 'ssturridge2j', 'ZSTiixc2', 'hmcaleese2j@livejournal.com'),
(93, 'hkippen2k', '4mWidx', 'lkeig2k@mozilla.com'),
(94, 'hdurkin2l', 'zCInCM', 'tparish2l@themeforest.net'),
(95, 'cdumbrill2m', 'w7WxqPziDd', 'jfeldmus2m@com.com'),
(96, 'jaxe2n', 'GJeYB7gTd', 'sreedick2n@edublogs.org'),
(97, 'mpitcaithley2o', 'BhzypJYVsFc1', 'rdmiterko2o@dion.ne.jp'),
(98, 'ndancer2p', '9z7p3C', 'critch2p@guardian.co.uk'),
(99, 'egrigorey2q', 'V3fS6udbm', 'alawman2q@photobucket.com'),
(100, 'rucchino2r', 'PA6DMun', 'asimmons2r@virginia.edu'),
(101, 'gblenkensop2s', 'PYnvRDHrnU', 'holdman2s@sfgate.com'),
(102, 'rbeeres2t', 'guqIVXvSp', 'mpartington2t@timesonline.co.uk'),
(103, 'awahncke2u', 'rpS65o', 'bbettesworth2u@discovery.com'),
(104, 'fstorrs2v', 'iwNUKfXFHtp', 'midwalevans2v@smh.com.au'),
(105, 'bbeall2w', 'UkBGVws0Pb', 'cbrimacombe2w@imdb.com'),
(106, 'pgalbraith2x', '384wyzL933', 'lgascard2x@msu.edu'),
(107, 'ckienle2y', 'LcVzBnfu3o', 'jlainton2y@sphinn.com'),
(108, 'bfines2z', 'Wr12mj', 'bjarrard2z@mail.ru'),
(109, 'dreolfi30', 'CxMFtj', 'jgadd30@xinhuanet.com'),
(110, 'wdoxey31', '6O3L3Jl01', 'pcaldecot31@nymag.com'),
(111, 'dpresslee32', 'GZfE0N', 'cwelldrake32@google.nl'),
(112, 'jallison33', '3QMzNr2bht', 'hjirsa33@symantec.com'),
(113, 'ahryniewicki34', 'NQiDeSvn3fdc', 'schampagne34@php.net'),
(114, 'bpala35', 'TMt03D', 'etomankiewicz35@exblog.jp'),
(115, 'gbodham36', 'gJwlvm5O', 'rsacks36@opensource.org'),
(116, 'ofidgin37', 'cZ0yajNDo', 'otroutbeck37@themeforest.net'),
(117, 'smcwilliam38', 'sHyIxnuV2n', 'nmichelin38@flickr.com'),
(118, 'dbaunton39', 'eutzn5IZh9', 'sobrogane39@amazon.de'),
(119, 'igres3a', 'TvzvKHWFvvO', 'astockney3a@php.net'),
(120, 'ngeorghiou3b', 'VvgCr1K', 'hgillfillan3b@ovh.net'),
(121, 'ddanhel3c', 'kIVpP1vUYl', 'mmillom3c@blogs.com'),
(122, 'jmorrissey3d', 'EKtuEun8', 'ipetrishchev3d@yandex.ru'),
(123, 'iwalczak3e', '7ZeOXj0l', 'asaville3e@purevolume.com'),
(124, 'rwigin3f', 'NOEkjXTer', 'thawket3f@ox.ac.uk'),
(125, 'twhitwell3g', 'ShkJavP', 'dfreeburn3g@intel.com'),
(126, 'vbloom3h', 'hSxfuLKX12s', 'plangforth3h@cmu.edu'),
(127, 'obortolazzi3i', '1gpPMxQZgsX', 'dhinder3i@europa.eu'),
(128, 'gthumnel3j', 'DiFVCr9r0mlF', 'mvasilov3j@bravesites.com'),
(129, 'ckike3k', 'ixbHiV7b', 'cratledge3k@php.net'),
(130, 'tvalente3l', '8D6DnW3', 'gbarukh3l@whitehouse.gov'),
(131, 'egirardot3m', 'fmYPM5', 'cphelipeau3m@parallels.com'),
(132, 'chawson3n', 'Jit0w2hcyY', 'rtwohig3n@naver.com'),
(133, 'wfalk3o', 'AYJaShME', 'eodevey3o@ezinearticles.com'),
(134, 'acardiff3p', 'gzTkahiEO77x', 'bwalby3p@tinypic.com'),
(135, 'rrispine3q', 'TLFyfnO0', 'egiovanetti3q@sciencedaily.com'),
(136, 'hwakelin3r', '0GYTC90nmYS', 'hskipper3r@sfgate.com'),
(137, 'rtagg3s', 'o4TOPorWfPo', 'asprull3s@who.int'),
(138, 'sgocher3t', 'YjiF4IycK', 'oslemmonds3t@hibu.com'),
(139, 'ayacob3u', 'Ce19k8t', 'cvasentsov3u@1688.com'),
(140, 'whaugh3v', '3x2oZfki', 'tjimes3v@apache.org'),
(141, 'sgirardeau3w', 'PSJAMY8158i', 'pentwisle3w@pbs.org'),
(142, 'afilan3x', 'X34yi3usVvj', 'aswale3x@mysql.com'),
(143, 'tjochanany3y', 'Lpte7NFVz', 'lmcness3y@smh.com.au'),
(144, 'ksyred3z', 'JWQY7RQFmr', 'cmatissoff3z@1688.com'),
(145, 'fpiscot40', 'rkXppDANRnJ', 'cdelagua40@hhs.gov'),
(146, 'dsnarr41', 'vF22SoBDe', 'ksowman41@vistaprint.com'),
(147, 'pcoulthard42', 'k784tNLx', 'kskipsea42@spotify.com'),
(148, 'biannelli43', 'W4wL4N3', 'kbillyard43@homestead.com'),
(149, 'rschuricht44', 'GGXKHRE', 'kcattell44@google.ru'),
(150, 'jbrou45', 'drCfBskrmbNW', 'lbowyer45@mtv.com'),
(151, 'hcoley46', 'NDK7B4CZ65M', 'fjohncey46@bloomberg.com'),
(152, 'whawking47', 'nKj9YS4', 'lpatis47@is.gd'),
(153, 'stapsfield48', 'UbRSYYd', 'lbreeton48@wp.com'),
(154, 'cossulton49', 'bQTnRD', 'bbroddle49@vistaprint.com'),
(155, 'alodevick4a', 'LAPrUZ', 'mbrokenshaw4a@epa.gov'),
(156, 'vdoerrling4b', 'a0MFkp3', 'wstennett4b@nps.gov'),
(157, 'phetterich4c', 'Un0Sgg6', 'ljanos4c@statcounter.com'),
(158, 'jspira4d', 'TwpQVYJ', 'fdavana4d@examiner.com'),
(159, 'jwethered4e', 'o1vaGeqQY', 'aleinster4e@patch.com'),
(160, 'blindermann4f', '59eZn1dEDK', 'djeandot4f@simplemachines.org'),
(161, 'dterbrug4g', 'tLDfCu95', 'ydenson4g@marriott.com'),
(162, 'evasiliev4h', 'KcKn9N', 'bcoatts4h@xrea.com'),
(163, 'jdegoe4i', 'MGEbLk', 'jroddell4i@fastcompany.com'),
(164, 'jinnwood4j', 'DDi8qii', 'kkestin4j@over-blog.com'),
(165, 'xropkes4k', '8kZ3Qk', 'rkunc4k@who.int'),
(166, 'nfearnsides4l', 'YkGnNYwo', 'kmanon4l@harvard.edu'),
(167, 'oblowfelde4m', 'n8Pf0tcKTY', 'mbumford4m@vkontakte.ru'),
(168, 'lthurman4n', 'h2tSdNWkeDns', 'skabos4n@virginia.edu'),
(169, 'scoulthurst4o', 'SCxxMUY9MhE', 'ekubin4o@github.io'),
(170, 'ztaggerty4p', 'tPLNwmRWc', 'bleyborne4p@tmall.com'),
(171, 'oklimowski4q', 'Hng99TQgNYO', 'jgerrelts4q@chronoengine.com'),
(172, 'dmaddra4r', 'SHJHgeqgElcz', 'aseaking4r@alibaba.com'),
(173, 'lkunkler4s', 'fKUoPGwLD', 'ewindows4s@deviantart.com'),
(174, 'kdensie4t', 'UbnBmToAJ', 'mmaccaughey4t@cam.ac.uk'),
(175, 'rrohmer4u', 'GS8jtsT', 'dkubasiewicz4u@sogou.com'),
(176, 'ipaty4v', 'Lnh5GfD2QeWO', 'dfaulconer4v@goo.ne.jp'),
(177, 'hoakley4w', 'kd3cpfhIyu1', 'lsneller4w@usnews.com'),
(178, 'ehuband4x', 'AsE18y1Op', 'aleneve4x@last.fm'),
(179, 'kwilde4y', '6iJaS5', 'ncurrey4y@hp.com'),
(180, 'ncesco4z', 'Yr5xtuCbLn', 'ffeander4z@sourceforge.net'),
(181, 'agayne50', 'gDiSg4sQ', 'ecrysell50@techcrunch.com'),
(182, 'smereweather51', '2RiGd4A', 'mbarendtsen51@youtube.com'),
(183, 'pblakeney52', 'a679zw', 'rvanderbrugge52@fc2.com'),
(184, 'amachent53', '87sK83iJ', 'rianizzi53@ebay.co.uk'),
(185, 'gbullivant54', '0uG2OCY01', 'troubert54@youku.com'),
(186, 'njobke55', 'U6oXyH', 'wflores55@last.fm'),
(187, 'bvedmore56', 'fINdgbLrrVGf', 'ccurrom56@smugmug.com'),
(188, 'alouthe57', 'f8oMeIe1VWk', 'tbleakley57@addthis.com'),
(189, 'blumsden58', 'At6rDN191w', 'bpordal58@craigslist.org'),
(190, 'pbadwick59', 'iOFv7aH', 'dcomar59@e-recht24.de'),
(191, 'bgrzegorecki5a', 'OGjDIS0stb6', 'kbeelby5a@sohu.com'),
(192, 'fhain5b', 'PQJieyX22Gb', 'esawers5b@imdb.com'),
(193, 'dartist5c', '1GAphH', 'dvogele5c@wisc.edu'),
(194, 'aclarage5d', 'PqSv7O', 'pphillps5d@cmu.edu'),
(195, 'emartelet5e', 'ZtkI5TEa8P', 'sdukesbury5e@google.co.jp'),
(196, 'lgawen5f', 'GiESYnMY', 'teyres5f@scientificamerican.com'),
(197, 'eglisenan5g', 'yGZagJIsB9', 'rwestmancoat5g@wufoo.com'),
(198, 'abraganza5h', 'tRKnODs7rN', 'oswadlinge5h@vinaora.com'),
(199, 'akrale5i', 'IAK0cJ8', 'raddinall5i@google.es'),
(200, 'arich5j', 'FC9aQqYW', 'ashovlin5j@last.fm');

-- --------------------------------------------------------

--
-- Tabelstructuur voor tabel `users_has_groups`
--

CREATE TABLE `users_has_groups` (
  `Users_ID` int(11) DEFAULT NULL,
  `Groups_ID` int(11) DEFAULT NULL
) ENGINE=InnoDB DEFAULT CHARSET=utf8;

--
-- Gegevens worden geëxporteerd voor tabel `users_has_groups`
--

INSERT INTO `users_has_groups` (`Users_ID`, `Groups_ID`) VALUES
(1, 6),
(2, 3),
(3, 6),
(4, 7),
(5, 10),
(6, 11),
(7, 7),
(8, 12),
(9, 10),
(10, 13),
(11, 13),
(12, 13),
(13, 15),
(14, 18),
(15, 16),
(16, 21),
(17, 17),
(18, 21),
(19, 19),
(20, 22),
(21, 22),
(22, 24),
(23, 24),
(24, 28),
(25, 28),
(26, 26),
(27, 27),
(28, 31),
(29, 33),
(30, 35),
(31, 31),
(32, 37),
(33, 34),
(34, 34),
(35, 38),
(36, 37),
(37, 41),
(38, 41),
(39, 44),
(40, 41),
(41, 42),
(42, 46),
(43, 47),
(44, 49),
(45, 45),
(46, 46),
(47, 50),
(48, 51),
(49, 51),
(50, 50);

--
-- Indexen voor geëxporteerde tabellen
--

--
-- Indexen voor tabel `groups`
--
ALTER TABLE `groups`
  ADD PRIMARY KEY (`ID`);

--
-- Indexen voor tabel `users`
--
ALTER TABLE `users`
  ADD PRIMARY KEY (`ID`);

--
-- AUTO_INCREMENT voor geëxporteerde tabellen
--

--
-- AUTO_INCREMENT voor een tabel `groups`
--
ALTER TABLE `groups`
  MODIFY `ID` int(11) NOT NULL AUTO_INCREMENT, AUTO_INCREMENT=201;
--
-- AUTO_INCREMENT voor een tabel `users`
--
ALTER TABLE `users`
  MODIFY `ID` int(11) NOT NULL AUTO_INCREMENT, AUTO_INCREMENT=201;
/*!40101 SET CHARACTER_SET_CLIENT=@OLD_CHARACTER_SET_CLIENT */;
/*!40101 SET CHARACTER_SET_RESULTS=@OLD_CHARACTER_SET_RESULTS */;
/*!40101 SET COLLATION_CONNECTION=@OLD_COLLATION_CONNECTION */;
